id;archivo;archivo_content_type;descripcion;size;nombre;url_archivo;status
1;../fake-data/blob/hipster.png;image/png;Rustic Frozen Tuna;programming Idaho;Wooden partnerships Maine;Liberia Berkshire Rubber;false
2;../fake-data/blob/hipster.png;image/png;Incredible Wooden Keyboard internet solution;invoice;Consultant software Seamless;wireless California Focused;true
3;../fake-data/blob/hipster.png;image/png;alliance Planner;generate;Industrial Rest action-items;Generic Steel Pants navigating Plastic;true
4;../fake-data/blob/hipster.png;image/png;virtual;Awesome Soft Hat Forward next-generation;Fantastic bifurcated;adapter JSON Movies;true
5;../fake-data/blob/hipster.png;image/png;Sleek Concrete Pants Faroe Islands input;Sierra Leone;Incredible Cotton Shoes array Soap;calculating invoice drive;true
6;../fake-data/blob/hipster.png;image/png;parse Palladium;invoice synthesizing;attitude;Personal Loan Account;false
7;../fake-data/blob/hipster.png;image/png;Administrator;clicks-and-mortar Operations;Berkshire lime;Platinum;true
8;../fake-data/blob/hipster.png;image/png;Investment Account;Licensed Metal Chicken zero defect;New Jersey;Sausages Sausages generating;true
9;../fake-data/blob/hipster.png;image/png;Investment Account;Mountains program auxiliary;Compatible China Principal;salmon Intranet Unbranded Frozen Keyboard;true
10;../fake-data/blob/hipster.png;image/png;disintermediate scalable Auto Loan Account;generating;Research Minnesota;e-commerce Refined Rubber Fish Rufiyaa;true
