id;rut;nombre;apellido_paterno;apellido_materno;profesion_oficio;email_principal;email_secundario;telefono_principal;telefono_secundario;fecha_creacion;fecha_modificacion
1;Buckinghamshire Internal;SDD multimedia Soft;synthesize;Steel;invoice primary;program;Internal Papua New Guinea;Path transmitting matrices;neural supply-chains program;2020-09-14T07:10:55;2020-09-14T18:58:31
2;Handmade;Bedfordshire user-centric;Wooden Triple-buffered Borders;indigo Forward open-source;Solutions;capacitor Facilitator;Handcrafted Rubber Pants Fantastic Concrete Towels;withdrawal Honduras 4th generation;teal Legacy Bedfordshire;2020-09-14T14:19:38;2020-09-14T08:09:42
3;secured line;Myanmar circuit;Tasty;Directives;virtual;Auto Loan Account radical;Bedfordshire;Intuitive;impactful Beauty Human;2020-09-14T04:12:21;2020-09-14T15:20:17
4;transmitter Oklahoma;collaborative;Investment Account demand-driven;methodology open-source Executive;indigo Avon bypassing;backing up invoice concept;hack Equatorial Guinea;Industrial Checking Account;Ergonomic Granite Cheese Fords;2020-09-14T12:24:52;2020-09-13T23:25:13
5;payment extend Ways;deposit technologies;enterprise input Games;Won;withdrawal;primary;Meadow XML;Rustic Papua New Guinea;Shoes redundant;2020-09-14T13:17:15;2020-09-13T21:13:48
6;firewall;SMS cyan invoice;pixel Dynamic Music;Tactics parsing Jersey;Indiana open-source;withdrawal Designer Latvia;Palestinian Territory Switchable;disintermediate markets;Credit Card Account moratorium Row;2020-09-14T08:20:20;2020-09-14T15:24:57
7;Ergonomic Steel Ball solutions distributed;SDD Factors;Table;Health;Supervisor SSL;innovate Alabama Beauty;Implementation;Pizza Awesome Wooden Hat;technologies Incredible markets;2020-09-14T13:31:33;2020-09-14T04:42:06
8;solutions Grocery dynamic;payment Diverse;invoice Fantastic;Games hacking dot-com;Berkshire function;Fantastic Refined leading-edge;Chief;Refined rich Directives;SDD applications Small;2020-09-14T11:03:26;2020-09-14T19:07:41
9;throughput;Forward Chicken Lari;content real-time Avon;e-tailers implementation Oval;Tools Creative Consultant;Regional;Ball;online;rich Central African Republic program;2020-09-14T02:09:29;2020-09-14T05:59:42
10;Maine;TCP;Practical Granite Sausages Roads;Pants Nevada;THX Maine;Rustic Soft Towels;Idaho Flat;invoice Florida;4th generation Clothing Quality;2020-09-14T20:52:02;2020-09-14T14:57:01
